[{"$index":1,"$typeId":1,"id":1,"nameId":29695,"superTypeId":1,"categoryId":0,"isInEncyclopedia":true,"plural":false,"gender":1,"rawZone":"null","mimickable":true,"craftXpRatio":-1,"evolutiveTypeId":0},{"$index":2,"$typeId":1,"id":2,"nameId":29699,"superTypeId":2,"categoryId":0,"isInEncyclopedia":true,"plural":false,"gender":0,"rawZone":"P","mimickable":true,"craftXpRatio":-1,"evolutiveTypeId":0},{"$index":3,"$typeId":1,"id":3,"nameId":29686,"superTypeId":2,"categoryId":0,"isInEncyclopedia":true,"plural":false,"gender":1,"rawZone":"P","mimickable":true,"craftXpRatio":-1,"evolutiveTypeId":0},{"$index":4,"$typeId":1,"id":4,"nameId":29703,"superTypeId":2,"categoryId":0,"isInEncyclopedia":true,"plural":false,"gender":0,"rawZone":"T1,25,1","mimickable":true,"craftXpRatio":-1,"evolutiveTypeId":0},{"$index":5,"$typeId":1,"id":5,"nameId":29736,"superTypeId":2,"categoryId":0,"isInEncyclopedia":true,"plural":true,"gender":1,"rawZone":"P","mimickable":true,"craftXpRatio":-1,"evolutiveTypeId":0},{"$index":6,"$typeId":1,"id":6,"nameId":29782,"superTypeId":2,"categoryId":0,"isInEncyclopedia":true,"plural":false,"gender":1,"rawZone":"P","mimickable":true,"craftXpRatio":-1,"evolutiveTypeId":0},{"$index":7,"$typeId":1,"id":7,"nameId":29744,"superTypeId":2,"categoryId":0,"isInEncyclopedia":true,"plural":false,"gender":0,"rawZone":"X1,0,25,1","mimickable":true,"craftXpRatio":-1,"evolutiveTypeId":0},{"$index":8,"$typeId":1,"id":8,"nameId":29751,"superTypeId":2,"categoryId":0,"isInEncyclopedia":true,"plural":false,"gender":1,"rawZone":"L1,25,1","mimickable":true,"craftXpRatio":-1,"evolutiveTypeId":0},{"$index":9,"$typeId":1,"id":9,"nameId":29696,"superTypeId":3,"categoryId":0,"isInEncyclopedia":true,"plural":false,"gender":0,"rawZone":"null","mimickable":true,"craftXpRatio":-1,"evolutiveTypeId":0},{"$index":10,"$typeId":1,"id":10,"nameId":29712,"superTypeId":4,"categoryId":0,"isInEncyclopedia":true,"plural":false,"gender":1,"rawZone":"null","mimickable":true,"craftXpRatio":-1,"evolutiveTypeId":0},{"$index":11,"$typeId":1,"id":11,"nameId":29692,"superTypeId":5,"categoryId":0,"isInEncyclopedia":true,"plural":true,"gender":1,"rawZone":"null","mimickable":true,"craftXpRatio":-1,"evolutiveTypeId":0},{"$index":12,"$typeId":1,"id":12,"nameId":29760,"superTypeId":6,"categoryId":1,"isInEncyclopedia":true,"plural":false,"gender":1,"rawZone":"null","mimickable":false,"craftXpRatio":5,"evolutiveTypeId":0},{"$index":13,"$typeId":1,"id":13,"nameId":29781,"superTypeId":6,"categoryId":1,"isInEncyclopedia":true,"plural":false,"gender":0,"rawZone":"null","mimickable":false,"craftXpRatio":-1,"evolutiveTypeId":0},{"$index":14,"$typeId":1,"id":14,"nameId":29790,"superTypeId":6,"categoryId":1,"isInEncyclopedia":true,"plural":true,"gender":1,"rawZone":"null","mimickable":false,"craftXpRatio":-1,"evolutiveTypeId":0},{"$index":15,"$typeId":1,"id":15,"nameId":194154,"superTypeId":9,"categoryId":2,"isInEncyclopedia":true,"plural":true,"gender":1,"rawZone":"null","mimickable":false,"craftXpRatio":-1,"evolutiveTypeId":0},{"$index":16,"$typeId":1,"id":16,"nameId":29719,"superTypeId":10,"categoryId":0,"isInEncyclopedia":true,"plural":false,"gender":0,"rawZone":"null","mimickable":true,"craftXpRatio":-1,"evolutiveTypeId":0},{"$index":17,"$typeId":1,"id":17,"nameId":29710,"superTypeId":11,"categoryId":0,"isInEncyclopedia":true,"plural":false,"gender":1,"rawZone":"null","mimickable":true,"craftXpRatio":-1,"evolutiveTypeId":0},{"$index":18,"$typeId":1,"id":18,"nameId":29730,"superTypeId":12,"categoryId":0,"isInEncyclopedia":true,"plural":false,"gender":0,"rawZone":"null","mimickable":true,"craftXpRatio":-1,"evolutiveTypeId":1},{"$index":19,"$typeId":1,"id":19,"nameId":29717,"superTypeId":2,"categoryId":0,"isInEncyclopedia":true,"plural":false,"gender":1,"rawZone":"P","mimickable":true,"craftXpRatio":-1,"evolutiveTypeId":0},{"$index":20,"$typeId":1,"id":20,"nameId":29748,"superTypeId":2,"categoryId":0,"isInEncyclopedia":true,"plural":false,"gender":1,"rawZone":"P","mimickable":false,"craftXpRatio":-1,"evolutiveTypeId":0},{"$index":21,"$typeId":1,"id":21,"nameId":29805,"superTypeId":2,"categoryId":0,"isInEncyclopedia":true,"plural":false,"gender":1,"rawZone":"P","mimickable":true,"craftXpRatio":-1,"evolutiveTypeId":0},{"$index":22,"$typeId":1,"id":22,"nameId":29732,"superTypeId":2,"categoryId":0,"isInEncyclopedia":true,"plural":false,"gender":1,"rawZone":"U1,25,1","mimickable":true,"craftXpRatio":-1,"evolutiveTypeId":0},{"$index":23,"$typeId":1,"id":23,"nameId":29726,"superTypeId":13,"categoryId":0,"isInEncyclopedia":true,"plural":false,"gender":0,"rawZone":"null","mimickable":false,"craftXpRatio":-1,"evolutiveTypeId":0},{"$index":24,"$typeId":1,"id":24,"nameId":29770,"superTypeId":14,"categoryId":3,"isInEncyclopedia":false,"plural":false,"gender":0,"rawZone":"null","mimickable":false,"craftXpRatio":-1,"evolutiveTypeId":0},{"$index":25,"$typeId":1,"id":25,"nameId":29725,"superTypeId":6,"categoryId":1,"isInEncyclopedia":true,"plural":false,"gender":0,"rawZone":"null","mimickable":false,"craftXpRatio":-1,"evolutiveTypeId":0},{"$index":26,"$typeId":1,"id":26,"nameId":29667,"superTypeId":9,"categoryId":2,"isInEncyclopedia":true,"plural":false,"gender":1,"rawZone":"null","mimickable":false,"craftXpRatio":10,"evolutiveTypeId":0},{"$index":27,"$typeId":1,"id":27,"nameId":29662,"superTypeId":15,"categoryId":4,"isInEncyclopedia":false,"plural":false,"gender":0,"rawZone":"null","mimickable":false,"craftXpRatio":-1,"evolutiveTypeId":0},{"$index":28,"$typeId":1,"id":28,"nameId":29797,"superTypeId":16,"categoryId":4,"isInEncyclopedia":false,"plural":false,"gender":1,"rawZone":"null","mimickable":false,"craftXpRatio":-1,"evolutiveTypeId":0},{"$index":29,"$typeId":1,"id":29,"nameId":29705,"superTypeId":17,"categoryId":4,"isInEncyclopedia":false,"plural":false,"gender":1,"rawZone":"null","mimickable":false,"craftXpRatio":-1,"evolutiveTypeId":0},{"$index":30,"$typeId":1,"id":30,"nameId":29738,"superTypeId":18,"categoryId":4,"isInEncyclopedia":false,"plural":false,"gender":1,"rawZone":"null","mimickable":false,"craftXpRatio":-1,"evolutiveTypeId":0},{"$index":31,"$typeId":1,"id":31,"nameId":29803,"superTypeId":19,"categoryId":4,"isInEncyclopedia":false,"plural":false,"gender":0,"rawZone":"null","mimickable":false,"craftXpRatio":-1,"evolutiveTypeId":0},{"$index":32,"$typeId":1,"id":32,"nameId":29804,"superTypeId":20,"categoryId":4,"isInEncyclopedia":false,"plural":false,"gender":0,"rawZone":"null","mimickable":false,"craftXpRatio":-1,"evolutiveTypeId":0},{"$index":33,"$typeId":1,"id":33,"nameId":29749,"superTypeId":6,"categoryId":1,"isInEncyclopedia":true,"plural":false,"gender":0,"rawZone":"null","mimickable":false,"craftXpRatio":5,"evolutiveTypeId":0},{"$index":34,"$typeId":1,"id":34,"nameId":29769,"superTypeId":9,"categoryId":2,"isInEncyclopedia":true,"plural":false,"gender":1,"rawZone":"null","mimickable":false,"craftXpRatio":-1,"evolutiveTypeId":0},{"$index":35,"$typeId":1,"id":35,"nameId":29733,"superTypeId":9,"categoryId":2,"isInEncyclopedia":true,"plural":false,"gender":1,"rawZone":"null","mimickable":false,"craftXpRatio":-1,"evolutiveTypeId":0},{"$index":36,"$typeId":1,"id":36,"nameId":29755,"superTypeId":9,"categoryId":2,"isInEncyclopedia":true,"plural":false,"gender":1,"rawZone":"null","mimickable":false,"craftXpRatio":-1,"evolutiveTypeId":0},{"$index":37,"$typeId":1,"id":37,"nameId":29697,"superTypeId":6,"categoryId":1,"isInEncyclopedia":true,"plural":false,"gender":1,"rawZone":"null","mimickable":false,"craftXpRatio":-1,"evolutiveTypeId":0},{"$index":38,"$typeId":1,"id":38,"nameId":29698,"superTypeId":9,"categoryId":2,"isInEncyclopedia":true,"plural":false,"gender":0,"rawZone":"null","mimickable":false,"craftXpRatio":-1,"evolutiveTypeId":0},{"$index":39,"$typeId":1,"id":39,"nameId":29742,"superTypeId":9,"categoryId":2,"isInEncyclopedia":true,"plural":false,"gender":0,"rawZone":"null","mimickable":false,"craftXpRatio":-1,"evolutiveTypeId":0},{"$index":40,"$typeId":1,"id":40,"nameId":29694,"superTypeId":9,"categoryId":2,"isInEncyclopedia":true,"plural":false,"gender":0,"rawZone":"null","mimickable":false,"craftXpRatio":30,"evolutiveTypeId":0},{"$index":41,"$typeId":1,"id":41,"nameId":29765,"superTypeId":9,"categoryId":2,"isInEncyclopedia":true,"plural":false,"gender":0,"rawZone":"null","mimickable":false,"craftXpRatio":-1,"evolutiveTypeId":0},{"$index":42,"$typeId":1,"id":42,"nameId":29713,"superTypeId":6,"categoryId":1,"isInEncyclopedia":true,"plural":false,"gender":1,"rawZone":"null","mimickable":false,"craftXpRatio":5,"evolutiveTypeId":0},{"$index":43,"$typeId":1,"id":43,"nameId":537494,"superTypeId":6,"categoryId":1,"isInEncyclopedia":true,"plural":false,"gender":1,"rawZone":"null","mimickable":false,"craftXpRatio":20,"evolutiveTypeId":0},{"$index":44,"$typeId":1,"id":44,"nameId":29778,"superTypeId":6,"categoryId":1,"isInEncyclopedia":true,"plural":false,"gender":1,"rawZone":"null","mimickable":false,"craftXpRatio":-1,"evolutiveTypeId":0},{"$index":45,"$typeId":1,"id":45,"nameId":29779,"superTypeId":6,"categoryId":1,"isInEncyclopedia":true,"plural":false,"gender":1,"rawZone":"null","mimickable":false,"craftXpRatio":-1,"evolutiveTypeId":0},{"$index":46,"$typeId":1,"id":46,"nameId":29734,"superTypeId":9,"categoryId":2,"isInEncyclopedia":true,"plural":false,"gender":0,"rawZone":"null","mimickable":false,"craftXpRatio":-1,"evolutiveTypeId":0},{"$index":47,"$typeId":1,"id":47,"nameId":29747,"superTypeId":9,"categoryId":2,"isInEncyclopedia":true,"plural":false,"gender":0,"rawZone":"null","mimickable":false,"craftXpRatio":-1,"evolutiveTypeId":0},{"$index":48,"$typeId":1,"id":48,"nameId":29720,"superTypeId":9,"categoryId":2,"isInEncyclopedia":true,"plural":false,"gender":1,"rawZone":"null","mimickable":false,"craftXpRatio":-1,"evolutiveTypeId":0},{"$index":49,"$typeId":1,"id":49,"nameId":29758,"superTypeId":6,"categoryId":1,"isInEncyclopedia":true,"plural":false,"gender":0,"rawZone":"null","mimickable":false,"craftXpRatio":5,"evolutiveTypeId":0},{"$index":50,"$typeId":1,"id":50,"nameId":29787,"superTypeId":9,"categoryId":2,"isInEncyclopedia":true,"plural":false,"gender":1,"rawZone":"null","mimickable":false,"craftXpRatio":10,"evolutiveTypeId":0},{"$index":51,"$typeId":1,"id":51,"nameId":29753,"superTypeId":9,"categoryId":2,"isInEncyclopedia":true,"plural":false,"gender":1,"rawZone":"null","mimickable":false,"craftXpRatio":10,"evolutiveTypeId":0},{"$index":52,"$typeId":1,"id":52,"nameId":29731,"superTypeId":9,"categoryId":2,"isInEncyclopedia":true,"plural":false,"gender":1,"rawZone":"null","mimickable":false,"craftXpRatio":1,"evolutiveTypeId":0},{"$index":53,"$typeId":1,"id":53,"nameId":29756,"superTypeId":9,"categoryId":2,"isInEncyclopedia":true,"plural":false,"gender":1,"rawZone":"null","mimickable":false,"craftXpRatio":-1,"evolutiveTypeId":0},{"$index":54,"$typeId":1,"id":54,"nameId":29757,"superTypeId":9,"categoryId":2,"isInEncyclopedia":true,"plural":false,"gender":0,"rawZone":"null","mimickable":false,"craftXpRatio":-1,"evolutiveTypeId":0},{"$index":55,"$typeId":1,"id":55,"nameId":767005,"superTypeId":9,"categoryId":2,"isInEncyclopedia":true,"plural":false,"gender":1,"rawZone":"null","mimickable":false,"craftXpRatio":-1,"evolutiveTypeId":0},{"$index":56,"$typeId":1,"id":56,"nameId":29723,"superTypeId":9,"categoryId":2,"isInEncyclopedia":true,"plural":false,"gender":0,"rawZone":"null","mimickable":false,"craftXpRatio":-1,"evolutiveTypeId":0},{"$index":57,"$typeId":1,"id":57,"nameId":29735,"superTypeId":9,"categoryId":2,"isInEncyclopedia":true,"plural":false,"gender":1,"rawZone":"null","mimickable":false,"craftXpRatio":-1,"evolutiveTypeId":0},{"$index":58,"$typeId":1,"id":58,"nameId":29716,"superTypeId":9,"categoryId":2,"isInEncyclopedia":true,"plural":false,"gender":1,"rawZone":"null","mimickable":false,"craftXpRatio":3,"evolutiveTypeId":0},{"$index":59,"$typeId":1,"id":59,"nameId":29750,"superTypeId":9,"categoryId":2,"isInEncyclopedia":true,"plural":false,"gender":1,"rawZone":"null","mimickable":false,"craftXpRatio":-1,"evolutiveTypeId":0},{"$index":60,"$typeId":1,"id":60,"nameId":29718,"superTypeId":9,"categoryId":2,"isInEncyclopedia":true,"plural":false,"gender":1,"rawZone":"null","mimickable":false,"craftXpRatio":2,"evolutiveTypeId":0},{"$index":61,"$typeId":1,"id":61,"nameId":29675,"superTypeId":9,"categoryId":2,"isInEncyclopedia":true,"plural":false,"gender":1,"rawZone":"null","mimickable":false,"craftXpRatio":-1,"evolutiveTypeId":0},{"$index":62,"$typeId":1,"id":62,"nameId":29759,"superTypeId":9,"categoryId":2,"isInEncyclopedia":true,"plural":false,"gender":0,"rawZone":"null","mimickable":false,"craftXpRatio":-1,"evolutiveTypeId":0},{"$index":63,"$typeId":1,"id":63,"nameId":29766,"superTypeId":9,"categoryId":2,"isInEncyclopedia":true,"plural":false,"gender":1,"rawZone":"null","mimickable":false,"craftXpRatio":-1,"evolutiveTypeId":0},{"$index":64,"$typeId":1,"id":64,"nameId":29767,"superTypeId":9,"categoryId":2,"isInEncyclopedia":true,"plural":false,"gender":1,"rawZone":"null","mimickable":false,"craftXpRatio":-1,"evolutiveTypeId":0},{"$index":65,"$typeId":1,"id":65,"nameId":29761,"superTypeId":9,"categoryId":2,"isInEncyclopedia":true,"plural":false,"gender":1,"rawZone":"null","mimickable":false,"craftXpRatio":-1,"evolutiveTypeId":0},{"$index":66,"$typeId":1,"id":66,"nameId":768898,"superTypeId":9,"categoryId":2,"isInEncyclopedia":true,"plural":false,"gender":1,"rawZone":"null","mimickable":false,"craftXpRatio":-1,"evolutiveTypeId":0},{"$index":68,"$typeId":1,"id":68,"nameId":29737,"superTypeId":9,"categoryId":2,"isInEncyclopedia":true,"plural":false,"gender":0,"rawZone":"null","mimickable":false,"craftXpRatio":-1,"evolutiveTypeId":0},{"$index":69,"$typeId":1,"id":69,"nameId":29768,"superTypeId":6,"categoryId":1,"isInEncyclopedia":true,"plural":false,"gender":1,"rawZone":"null","mimickable":false,"craftXpRatio":10,"evolutiveTypeId":0},{"$index":70,"$typeId":1,"id":70,"nameId":29689,"superTypeId":9,"categoryId":2,"isInEncyclopedia":true,"plural":false,"gender":1,"rawZone":"null","mimickable":false,"craftXpRatio":10,"evolutiveTypeId":0},{"$index":71,"$typeId":1,"id":71,"nameId":29673,"superTypeId":9,"categoryId":2,"isInEncyclopedia":true,"plural":false,"gender":0,"rawZone":"null","mimickable":false,"craftXpRatio":-1,"evolutiveTypeId":0},{"$index":72,"$typeId":1,"id":72,"nameId":756983,"superTypeId":6,"categoryId":1,"isInEncyclopedia":true,"plural":false,"gender":0,"rawZone":"null","mimickable":false,"craftXpRatio":-1,"evolutiveTypeId":0},{"$index":73,"$typeId":1,"id":73,"nameId":29740,"superTypeId":6,"categoryId":1,"isInEncyclopedia":true,"plural":false,"gender":1,"rawZone":"null","mimickable":false,"craftXpRatio":-1,"evolutiveTypeId":0},{"$index":74,"$typeId":1,"id":74,"nameId":29681,"superTypeId":6,"categoryId":1,"isInEncyclopedia":true,"plural":false,"gender":1,"rawZone":"null","mimickable":false,"craftXpRatio":-1,"evolutiveTypeId":0},{"$index":75,"$typeId":1,"id":75,"nameId":105558,"superTypeId":6,"categoryId":1,"isInEncyclopedia":true,"plural":false,"gender":0,"rawZone":"null","mimickable":false,"craftXpRatio":-1,"evolutiveTypeId":0},{"$index":76,"$typeId":1,"id":76,"nameId":29788,"superTypeId":6,"categoryId":1,"isInEncyclopedia":true,"plural":false,"gender":0,"rawZone":"null","mimickable":false,"craftXpRatio":-1,"evolutiveTypeId":0},{"$index":77,"$typeId":1,"id":77,"nameId":29679,"superTypeId":27,"categoryId":0,"isInEncyclopedia":true,"plural":false,"gender":0,"rawZone":"null","mimickable":false,"craftXpRatio":-1,"evolutiveTypeId":0},{"$index":78,"$typeId":1,"id":78,"nameId":29676,"superTypeId":9,"categoryId":2,"isInEncyclopedia":true,"plural":false,"gender":1,"rawZone":"null","mimickable":false,"craftXpRatio":-1,"evolutiveTypeId":0},{"$index":79,"$typeId":1,"id":79,"nameId":29700,"superTypeId":6,"categoryId":1,"isInEncyclopedia":true,"plural":false,"gender":0,"rawZone":"null","mimickable":false,"craftXpRatio":-1,"evolutiveTypeId":0},{"$index":80,"$typeId":1,"id":80,"nameId":29683,"superTypeId":6,"categoryId":1,"isInEncyclopedia":true,"plural":false,"gender":0,"rawZone":"null","mimickable":false,"craftXpRatio":-1,"evolutiveTypeId":0},{"$index":81,"$typeId":1,"id":81,"nameId":29682,"superTypeId":11,"categoryId":0,"isInEncyclopedia":true,"plural":false,"gender":0,"rawZone":"null","mimickable":true,"craftXpRatio":-1,"evolutiveTypeId":0},{"$index":82,"$typeId":1,"id":82,"nameId":29702,"superTypeId":7,"categoryId":0,"isInEncyclopedia":true,"plural":false,"gender":0,"rawZone":"null","mimickable":true,"craftXpRatio":-1,"evolutiveTypeId":0},{"$index":83,"$typeId":1,"id":83,"nameId":249249,"superTypeId":2,"categoryId":0,"isInEncyclopedia":true,"plural":false,"gender":1,"rawZone":"P","mimickable":false,"craftXpRatio":-1,"evolutiveTypeId":0},{"$index":84,"$typeId":1,"id":84,"nameId":194153,"superTypeId":9,"categoryId":2,"isInEncyclopedia":true,"plural":true,"gender":1,"rawZone":"null","mimickable":false,"craftXpRatio":20,"evolutiveTypeId":0},{"$index":85,"$typeId":1,"id":85,"nameId":249247,"superTypeId":6,"categoryId":1,"isInEncyclopedia":true,"plural":false,"gender":1,"rawZone":"null","mimickable":false,"craftXpRatio":-1,"evolutiveTypeId":0},{"$index":86,"$typeId":1,"id":86,"nameId":132783,"superTypeId":6,"categoryId":1,"isInEncyclopedia":true,"plural":false,"gender":1,"rawZone":"null","mimickable":false,"craftXpRatio":-1,"evolutiveTypeId":0},{"$index":87,"$typeId":1,"id":87,"nameId":29709,"superTypeId":6,"categoryId":1,"isInEncyclopedia":true,"plural":true,"gender":0,"rawZone":"null","mimickable":false,"craftXpRatio":-1,"evolutiveTypeId":0},{"$index":88,"$typeId":1,"id":88,"nameId":29665,"superTypeId":6,"categoryId":1,"isInEncyclopedia":true,"plural":false,"gender":1,"rawZone":"null","mimickable":false,"craftXpRatio":-1,"evolutiveTypeId":0},{"$index":89,"$typeId":1,"id":89,"nameId":29762,"superTypeId":6,"categoryId":1,"isInEncyclopedia":true,"plural":true,"gender":0,"rawZone":"null","mimickable":false,"craftXpRatio":-1,"evolutiveTypeId":0},{"$index":90,"$typeId":1,"id":90,"nameId":29784,"superTypeId":28,"categoryId":0,"isInEncyclopedia":true,"plural":false,"gender":0,"rawZone":"null","mimickable":false,"craftXpRatio":0,"evolutiveTypeId":0},{"$index":91,"$typeId":1,"id":91,"nameId":29727,"superTypeId":21,"categoryId":4,"isInEncyclopedia":false,"plural":false,"gender":1,"rawZone":"null","mimickable":false,"craftXpRatio":-1,"evolutiveTypeId":0},{"$index":92,"$typeId":1,"id":92,"nameId":29685,"superTypeId":21,"categoryId":4,"isInEncyclopedia":false,"plural":false,"gender":0,"rawZone":"null","mimickable":false,"craftXpRatio":-1,"evolutiveTypeId":0},{"$index":93,"$typeId":1,"id":93,"nameId":29785,"superTypeId":6,"categoryId":1,"isInEncyclopedia":true,"plural":false,"gender":0,"rawZone":"null","mimickable":false,"craftXpRatio":-1,"evolutiveTypeId":0},{"$index":94,"$typeId":1,"id":94,"nameId":29800,"superTypeId":6,"categoryId":1,"isInEncyclopedia":true,"plural":false,"gender":0,"rawZone":"null","mimickable":false,"craftXpRatio":-1,"evolutiveTypeId":0},{"$index":95,"$typeId":1,"id":95,"nameId":29754,"superTypeId":9,"categoryId":2,"isInEncyclopedia":true,"plural":false,"gender":1,"rawZone":"null","mimickable":false,"craftXpRatio":20,"evolutiveTypeId":0},{"$index":96,"$typeId":1,"id":96,"nameId":150849,"superTypeId":9,"categoryId":2,"isInEncyclopedia":true,"plural":false,"gender":1,"rawZone":"null","mimickable":false,"craftXpRatio":-1,"evolutiveTypeId":0},{"$index":97,"$typeId":1,"id":97,"nameId":640318,"superTypeId":27,"categoryId":0,"isInEncyclopedia":true,"plural":false,"gender":0,"rawZone":"null","mimickable":false,"craftXpRatio":-1,"evolutiveTypeId":0},{"$index":98,"$typeId":1,"id":98,"nameId":29763,"superTypeId":9,"categoryId":2,"isInEncyclopedia":true,"plural":false,"gender":1,"rawZone":"null","mimickable":false,"craftXpRatio":-1,"evolutiveTypeId":0},{"$index":99,"$typeId":1,"id":99,"nameId":29801,"superTypeId":2,"categoryId":0,"isInEncyclopedia":true,"plural":false,"gender":0,"rawZone":"P","mimickable":false,"craftXpRatio":-1,"evolutiveTypeId":0},{"$index":100,"$typeId":1,"id":100,"nameId":516645,"superTypeId":6,"categoryId":1,"isInEncyclopedia":true,"plural":false,"gender":0,"rawZone":"null","mimickable":false,"craftXpRatio":-1,"evolutiveTypeId":0},{"$index":102,"$typeId":1,"id":102,"nameId":29783,"superTypeId":2,"categoryId":0,"isInEncyclopedia":true,"plural":false,"gender":0,"rawZone":"L2","mimickable":false,"craftXpRatio":-1,"evolutiveTypeId":0},{"$index":103,"$typeId":1,"id":103,"nameId":29752,"superTypeId":9,"categoryId":2,"isInEncyclopedia":true,"plural":false,"gender":1,"rawZone":"null","mimickable":false,"craftXpRatio":-1,"evolutiveTypeId":0},{"$index":104,"$typeId":1,"id":104,"nameId":841348,"superTypeId":9,"categoryId":2,"isInEncyclopedia":true,"plural":false,"gender":1,"rawZone":"null","mimickable":false,"craftXpRatio":-1,"evolutiveTypeId":0},{"$index":105,"$typeId":1,"id":105,"nameId":756982,"superTypeId":9,"categoryId":2,"isInEncyclopedia":true,"plural":false,"gender":0,"rawZone":"null","mimickable":false,"craftXpRatio":-1,"evolutiveTypeId":0},{"$index":106,"$typeId":1,"id":106,"nameId":29746,"superTypeId":9,"categoryId":2,"isInEncyclopedia":true,"plural":false,"gender":1,"rawZone":"null","mimickable":false,"craftXpRatio":-1,"evolutiveTypeId":0},{"$index":107,"$typeId":1,"id":107,"nameId":29706,"superTypeId":9,"categoryId":2,"isInEncyclopedia":true,"plural":false,"gender":0,"rawZone":"null","mimickable":false,"craftXpRatio":-1,"evolutiveTypeId":0},{"$index":108,"$typeId":1,"id":108,"nameId":29687,"superTypeId":9,"categoryId":2,"isInEncyclopedia":true,"plural":false,"gender":0,"rawZone":"null","mimickable":false,"craftXpRatio":-1,"evolutiveTypeId":0},{"$index":109,"$typeId":1,"id":109,"nameId":757043,"superTypeId":9,"categoryId":2,"isInEncyclopedia":true,"plural":false,"gender":0,"rawZone":"null","mimickable":false,"craftXpRatio":-1,"evolutiveTypeId":0},{"$index":110,"$typeId":1,"id":110,"nameId":29715,"superTypeId":9,"categoryId":2,"isInEncyclopedia":true,"plural":false,"gender":1,"rawZone":"null","mimickable":false,"craftXpRatio":-1,"evolutiveTypeId":0},{"$index":111,"$typeId":1,"id":111,"nameId":29690,"superTypeId":9,"categoryId":2,"isInEncyclopedia":true,"plural":false,"gender":1,"rawZone":"null","mimickable":false,"craftXpRatio":-1,"evolutiveTypeId":0},{"$index":112,"$typeId":1,"id":112,"nameId":29684,"superTypeId":6,"categoryId":1,"isInEncyclopedia":true,"plural":false,"gender":0,"rawZone":"null","mimickable":false,"craftXpRatio":-1,"evolutiveTypeId":0},{"$index":113,"$typeId":1,"id":113,"nameId":29810,"superTypeId":22,"categoryId":0,"isInEncyclopedia":true,"plural":false,"gender":0,"rawZone":"null","mimickable":false,"craftXpRatio":-1,"evolutiveTypeId":0},{"$index":114,"$typeId":1,"id":114,"nameId":29691,"superTypeId":2,"categoryId":0,"isInEncyclopedia":true,"plural":false,"gender":1,"rawZone":"P","mimickable":false,"craftXpRatio":-1,"evolutiveTypeId":0},{"$index":115,"$typeId":1,"id":115,"nameId":29674,"superTypeId":6,"categoryId":1,"isInEncyclopedia":true,"plural":false,"gender":0,"rawZone":"null","mimickable":false,"craftXpRatio":-1,"evolutiveTypeId":0},{"$index":116,"$typeId":1,"id":116,"nameId":29677,"superTypeId":6,"categoryId":1,"isInEncyclopedia":true,"plural":false,"gender":1,"rawZone":"null","mimickable":false,"craftXpRatio":-1,"evolutiveTypeId":0},{"$index":118,"$typeId":1,"id":118,"nameId":29678,"superTypeId":6,"categoryId":1,"isInEncyclopedia":true,"plural":false,"gender":0,"rawZone":"null","mimickable":false,"craftXpRatio":-1,"evolutiveTypeId":0},{"$index":119,"$typeId":1,"id":119,"nameId":29680,"superTypeId":9,"categoryId":2,"isInEncyclopedia":true,"plural":false,"gender":0,"rawZone":"null","mimickable":false,"craftXpRatio":-1,"evolutiveTypeId":0},{"$index":121,"$typeId":1,"id":121,"nameId":29777,"superTypeId":12,"categoryId":0,"isInEncyclopedia":true,"plural":false,"gender":0,"rawZone":"null","mimickable":true,"craftXpRatio":-1,"evolutiveTypeId":1},{"$index":122,"$typeId":1,"id":122,"nameId":29670,"superTypeId":6,"categoryId":1,"isInEncyclopedia":true,"plural":false,"gender":1,"rawZone":"null","mimickable":false,"craftXpRatio":-1,"evolutiveTypeId":0},{"$index":123,"$typeId":1,"id":123,"nameId":29669,"superTypeId":27,"categoryId":0,"isInEncyclopedia":true,"plural":false,"gender":0,"rawZone":"null","mimickable":false,"craftXpRatio":-1,"evolutiveTypeId":0},{"$index":124,"$typeId":1,"id":124,"nameId":29808,"superTypeId":28,"categoryId":0,"isInEncyclopedia":true,"plural":false,"gender":0,"rawZone":"null","mimickable":false,"craftXpRatio":0,"evolutiveTypeId":0},{"$index":125,"$typeId":1,"id":125,"nameId":29807,"superTypeId":9,"categoryId":2,"isInEncyclopedia":true,"plural":false,"gender":0,"rawZone":"null","mimickable":false,"craftXpRatio":-1,"evolutiveTypeId":0},{"$index":126,"$typeId":1,"id":126,"nameId":29802,"superTypeId":14,"categoryId":3,"isInEncyclopedia":false,"plural":false,"gender":0,"rawZone":"null","mimickable":false,"craftXpRatio":-1,"evolutiveTypeId":0},{"$index":127,"$typeId":1,"id":127,"nameId":29806,"superTypeId":14,"categoryId":3,"isInEncyclopedia":false,"plural":false,"gender":0,"rawZone":"null","mimickable":false,"craftXpRatio":-1,"evolutiveTypeId":0},{"$index":128,"$typeId":1,"id":128,"nameId":29798,"superTypeId":14,"categoryId":3,"isInEncyclopedia":false,"plural":false,"gender":0,"rawZone":"null","mimickable":false,"craftXpRatio":-1,"evolutiveTypeId":0},{"$index":129,"$typeId":1,"id":129,"nameId":29799,"superTypeId":14,"categoryId":3,"isInEncyclopedia":false,"plural":false,"gender":0,"rawZone":"null","mimickable":false,"craftXpRatio":-1,"evolutiveTypeId":0},{"$index":130,"$typeId":1,"id":130,"nameId":29724,"superTypeId":14,"categoryId":3,"isInEncyclopedia":false,"plural":false,"gender":0,"rawZone":"null","mimickable":false,"craftXpRatio":-1,"evolutiveTypeId":0},{"$index":131,"$typeId":1,"id":131,"nameId":280277,"superTypeId":14,"categoryId":3,"isInEncyclopedia":false,"plural":false,"gender":0,"rawZone":"null","mimickable":false,"craftXpRatio":-1,"evolutiveTypeId":0},{"$index":132,"$typeId":1,"id":132,"nameId":29771,"superTypeId":14,"categoryId":3,"isInEncyclopedia":false,"plural":false,"gender":0,"rawZone":"null","mimickable":false,"craftXpRatio":-1,"evolutiveTypeId":0},{"$index":133,"$typeId":1,"id":133,"nameId":29711,"superTypeId":14,"categoryId":3,"isInEncyclopedia":false,"plural":false,"gender":0,"rawZone":"null","mimickable":false,"craftXpRatio":-1,"evolutiveTypeId":0},{"$index":134,"$typeId":1,"id":134,"nameId":29793,"superTypeId":14,"categoryId":3,"isInEncyclopedia":false,"plural":false,"gender":0,"rawZone":"null","mimickable":false,"craftXpRatio":-1,"evolutiveTypeId":0},{"$index":136,"$typeId":1,"id":136,"nameId":29714,"superTypeId":14,"categoryId":3,"isInEncyclopedia":false,"plural":false,"gender":0,"rawZone":"null","mimickable":false,"craftXpRatio":-1,"evolutiveTypeId":0},{"$index":137,"$typeId":1,"id":137,"nameId":29707,"superTypeId":14,"categoryId":3,"isInEncyclopedia":false,"plural":false,"gender":0,"rawZone":"null","mimickable":false,"craftXpRatio":-1,"evolutiveTypeId":0},{"$index":138,"$typeId":1,"id":138,"nameId":29708,"superTypeId":14,"categoryId":3,"isInEncyclopedia":false,"plural":false,"gender":0,"rawZone":"null","mimickable":false,"craftXpRatio":-1,"evolutiveTypeId":0},{"$index":139,"$typeId":1,"id":139,"nameId":29701,"superTypeId":14,"categoryId":3,"isInEncyclopedia":false,"plural":false,"gender":0,"rawZone":"null","mimickable":false,"craftXpRatio":-1,"evolutiveTypeId":0},{"$index":140,"$typeId":1,"id":140,"nameId":29666,"superTypeId":14,"categoryId":3,"isInEncyclopedia":false,"plural":false,"gender":0,"rawZone":"null","mimickable":false,"craftXpRatio":-1,"evolutiveTypeId":0},{"$index":141,"$typeId":1,"id":141,"nameId":29789,"superTypeId":14,"categoryId":3,"isInEncyclopedia":false,"plural":false,"gender":0,"rawZone":"null","mimickable":false,"craftXpRatio":-1,"evolutiveTypeId":0},{"$index":142,"$typeId":1,"id":142,"nameId":29809,"superTypeId":14,"categoryId":3,"isInEncyclopedia":false,"plural":false,"gender":0,"rawZone":"null","mimickable":false,"craftXpRatio":-1,"evolutiveTypeId":0},{"$index":143,"$typeId":1,"id":143,"nameId":29664,"superTypeId":14,"categoryId":3,"isInEncyclopedia":false,"plural":false,"gender":0,"rawZone":"null","mimickable":false,"craftXpRatio":-1,"evolutiveTypeId":0},{"$index":144,"$typeId":1,"id":144,"nameId":29704,"superTypeId":14,"categoryId":3,"isInEncyclopedia":false,"plural":false,"gender":0,"rawZone":"null","mimickable":false,"craftXpRatio":-1,"evolutiveTypeId":0},{"$index":145,"$typeId":1,"id":145,"nameId":29693,"superTypeId":14,"categoryId":3,"isInEncyclopedia":false,"plural":false,"gender":0,"rawZone":"null","mimickable":false,"craftXpRatio":-1,"evolutiveTypeId":0},{"$index":146,"$typeId":1,"id":146,"nameId":29791,"superTypeId":14,"categoryId":3,"isInEncyclopedia":false,"plural":false,"gender":0,"rawZone":"null","mimickable":false,"craftXpRatio":-1,"evolutiveTypeId":0},{"$index":147,"$typeId":1,"id":147,"nameId":29792,"superTypeId":14,"categoryId":3,"isInEncyclopedia":false,"plural":false,"gender":0,"rawZone":"null","mimickable":false,"craftXpRatio":-1,"evolutiveTypeId":0},{"$index":148,"$typeId":1,"id":148,"nameId":29786,"superTypeId":14,"categoryId":3,"isInEncyclopedia":false,"plural":false,"gender":0,"rawZone":"null","mimickable":false,"craftXpRatio":-1,"evolutiveTypeId":0},{"$index":149,"$typeId":1,"id":149,"nameId":29663,"superTypeId":14,"categoryId":3,"isInEncyclopedia":false,"plural":false,"gender":0,"rawZone":"null","mimickable":false,"craftXpRatio":-1,"evolutiveTypeId":0},{"$index":150,"$typeId":1,"id":150,"nameId":29739,"superTypeId":14,"categoryId":3,"isInEncyclopedia":false,"plural":false,"gender":0,"rawZone":"null","mimickable":false,"craftXpRatio":-1,"evolutiveTypeId":0},{"$index":151,"$typeId":1,"id":151,"nameId":29773,"superTypeId":13,"categoryId":0,"isInEncyclopedia":true,"plural":false,"gender":0,"rawZone":"null","mimickable":false,"craftXpRatio":300,"evolutiveTypeId":0},{"$index":152,"$typeId":1,"id":152,"nameId":29741,"superTypeId":9,"categoryId":2,"isInEncyclopedia":true,"plural":false,"gender":0,"rawZone":"null","mimickable":false,"craftXpRatio":-1,"evolutiveTypeId":0},{"$index":153,"$typeId":1,"id":153,"nameId":76491,"superTypeId":9,"categoryId":2,"isInEncyclopedia":true,"plural":false,"gender":0,"rawZone":"null","mimickable":false,"craftXpRatio":-1,"evolutiveTypeId":0},{"$index":154,"$typeId":1,"id":154,"nameId":76492,"superTypeId":9,"categoryId":2,"isInEncyclopedia":true,"plural":false,"gender":0,"rawZone":"null","mimickable":false,"craftXpRatio":-1,"evolutiveTypeId":0},{"$index":155,"$typeId":1,"id":155,"nameId":297034,"superTypeId":14,"categoryId":3,"isInEncyclopedia":false,"plural":false,"gender":0,"rawZone":"null","mimickable":false,"craftXpRatio":-1,"evolutiveTypeId":0},{"$index":156,"$typeId":1,"id":156,"nameId":297035,"superTypeId":14,"categoryId":3,"isInEncyclopedia":false,"plural":false,"gender":0,"rawZone":"null","mimickable":false,"craftXpRatio":-1,"evolutiveTypeId":0},{"$index":157,"$typeId":1,"id":157,"nameId":297036,"superTypeId":6,"categoryId":1,"isInEncyclopedia":true,"plural":false,"gender":1,"rawZone":"null","mimickable":false,"craftXpRatio":-1,"evolutiveTypeId":0},{"$index":158,"$typeId":1,"id":158,"nameId":297037,"superTypeId":9,"categoryId":2,"isInEncyclopedia":true,"plural":false,"gender":1,"rawZone":"null","mimickable":false,"craftXpRatio":-1,"evolutiveTypeId":0},{"$index":159,"$typeId":1,"id":159,"nameId":297033,"superTypeId":9,"categoryId":2,"isInEncyclopedia":true,"plural":false,"gender":1,"rawZone":"null","mimickable":false,"craftXpRatio":-1,"evolutiveTypeId":0},{"$index":160,"$typeId":1,"id":160,"nameId":297027,"superTypeId":9,"categoryId":2,"isInEncyclopedia":true,"plural":false,"gender":1,"rawZone":"null","mimickable":false,"craftXpRatio":-1,"evolutiveTypeId":0},{"$index":161,"$typeId":1,"id":161,"nameId":297028,"superTypeId":9,"categoryId":2,"isInEncyclopedia":true,"plural":false,"gender":1,"rawZone":"null","mimickable":false,"craftXpRatio":-1,"evolutiveTypeId":0},{"$index":162,"$typeId":1,"id":162,"nameId":297031,"superTypeId":9,"categoryId":2,"isInEncyclopedia":true,"plural":false,"gender":1,"rawZone":"null","mimickable":false,"craftXpRatio":-1,"evolutiveTypeId":0},{"$index":163,"$typeId":1,"id":163,"nameId":297032,"superTypeId":9,"categoryId":2,"isInEncyclopedia":true,"plural":false,"gender":1,"rawZone":"null","mimickable":false,"craftXpRatio":-1,"evolutiveTypeId":0},{"$index":164,"$typeId":1,"id":164,"nameId":297029,"superTypeId":9,"categoryId":2,"isInEncyclopedia":true,"plural":false,"gender":0,"rawZone":"null","mimickable":false,"craftXpRatio":-1,"evolutiveTypeId":0},{"$index":165,"$typeId":1,"id":165,"nameId":297030,"superTypeId":6,"categoryId":1,"isInEncyclopedia":true,"plural":false,"gender":1,"rawZone":"null","mimickable":false,"craftXpRatio":10,"evolutiveTypeId":0},{"$index":166,"$typeId":1,"id":166,"nameId":291233,"superTypeId":6,"categoryId":1,"isInEncyclopedia":true,"plural":false,"gender":0,"rawZone":"null","mimickable":false,"craftXpRatio":-1,"evolutiveTypeId":0},{"$index":167,"$typeId":1,"id":167,"nameId":339622,"superTypeId":9,"categoryId":2,"isInEncyclopedia":true,"plural":false,"gender":1,"rawZone":"null","mimickable":false,"craftXpRatio":20,"evolutiveTypeId":0},{"$index":168,"$typeId":1,"id":168,"nameId":339621,"superTypeId":14,"categoryId":3,"isInEncyclopedia":false,"plural":false,"gender":0,"rawZone":"null","mimickable":false,"craftXpRatio":-1,"evolutiveTypeId":0},{"$index":169,"$typeId":1,"id":169,"nameId":372840,"superTypeId":23,"categoryId":0,"isInEncyclopedia":true,"plural":false,"gender":0,"rawZone":"null","mimickable":false,"craftXpRatio":-1,"evolutiveTypeId":0},{"$index":171,"$typeId":1,"id":171,"nameId":407652,"superTypeId":14,"categoryId":3,"isInEncyclopedia":false,"plural":false,"gender":0,"rawZone":"null","mimickable":false,"craftXpRatio":-1,"evolutiveTypeId":0},{"$index":172,"$typeId":1,"id":172,"nameId":407651,"superTypeId":6,"categoryId":1,"isInEncyclopedia":true,"plural":false,"gender":0,"rawZone":"null","mimickable":false,"craftXpRatio":-1,"evolutiveTypeId":0},{"$index":173,"$typeId":1,"id":173,"nameId":423437,"superTypeId":6,"categoryId":1,"isInEncyclopedia":true,"plural":false,"gender":0,"rawZone":"null","mimickable":false,"craftXpRatio":-1,"evolutiveTypeId":0},{"$index":174,"$typeId":1,"id":174,"nameId":423791,"superTypeId":9,"categoryId":2,"isInEncyclopedia":true,"plural":false,"gender":0,"rawZone":"null","mimickable":false,"craftXpRatio":0,"evolutiveTypeId":0},{"$index":175,"$typeId":1,"id":175,"nameId":423790,"superTypeId":9,"categoryId":2,"isInEncyclopedia":true,"plural":false,"gender":0,"rawZone":"null","mimickable":false,"craftXpRatio":-1,"evolutiveTypeId":0},{"$index":176,"$typeId":1,"id":176,"nameId":440321,"superTypeId":6,"categoryId":1,"isInEncyclopedia":true,"plural":false,"gender":0,"rawZone":"null","mimickable":false,"craftXpRatio":-1,"evolutiveTypeId":0},{"$index":177,"$typeId":1,"id":177,"nameId":472462,"superTypeId":22,"categoryId":0,"isInEncyclopedia":true,"plural":false,"gender":0,"rawZone":"null","mimickable":false,"craftXpRatio":-1,"evolutiveTypeId":0},{"$index":178,"$typeId":1,"id":178,"nameId":580659,"superTypeId":9,"categoryId":2,"isInEncyclopedia":true,"plural":false,"gender":1,"rawZone":"null","mimickable":false,"craftXpRatio":200,"evolutiveTypeId":0},{"$index":179,"$typeId":1,"id":179,"nameId":544019,"superTypeId":9,"categoryId":2,"isInEncyclopedia":true,"plural":false,"gender":1,"rawZone":"null","mimickable":false,"craftXpRatio":5,"evolutiveTypeId":0},{"$index":180,"$typeId":1,"id":180,"nameId":544014,"superTypeId":9,"categoryId":2,"isInEncyclopedia":true,"plural":false,"gender":1,"rawZone":"null","mimickable":false,"craftXpRatio":5,"evolutiveTypeId":0},{"$index":181,"$typeId":1,"id":181,"nameId":544017,"superTypeId":9,"categoryId":2,"isInEncyclopedia":true,"plural":false,"gender":1,"rawZone":"null","mimickable":false,"craftXpRatio":5,"evolutiveTypeId":0},{"$index":182,"$typeId":1,"id":182,"nameId":544016,"superTypeId":9,"categoryId":2,"isInEncyclopedia":true,"plural":false,"gender":0,"rawZone":"null","mimickable":false,"craftXpRatio":5,"evolutiveTypeId":0},{"$index":183,"$typeId":1,"id":183,"nameId":544015,"superTypeId":9,"categoryId":2,"isInEncyclopedia":true,"plural":false,"gender":0,"rawZone":"null","mimickable":false,"craftXpRatio":20,"evolutiveTypeId":0},{"$index":184,"$typeId":1,"id":184,"nameId":533231,"superTypeId":6,"categoryId":1,"isInEncyclopedia":true,"plural":false,"gender":0,"rawZone":"null","mimickable":false,"craftXpRatio":-1,"evolutiveTypeId":0},{"$index":185,"$typeId":1,"id":185,"nameId":544018,"superTypeId":9,"categoryId":2,"isInEncyclopedia":true,"plural":false,"gender":1,"rawZone":"null","mimickable":false,"craftXpRatio":-1,"evolutiveTypeId":0},{"$index":186,"$typeId":1,"id":186,"nameId":561243,"superTypeId":9,"categoryId":2,"isInEncyclopedia":true,"plural":false,"gender":1,"rawZone":"null","mimickable":false,"craftXpRatio":-1,"evolutiveTypeId":0},{"$index":187,"$typeId":1,"id":187,"nameId":561242,"superTypeId":6,"categoryId":1,"isInEncyclopedia":true,"plural":false,"gender":1,"rawZone":"null","mimickable":false,"craftXpRatio":-1,"evolutiveTypeId":0},{"$index":188,"$typeId":1,"id":188,"nameId":561241,"superTypeId":6,"categoryId":1,"isInEncyclopedia":true,"plural":false,"gender":0,"rawZone":"null","mimickable":false,"craftXpRatio":-1,"evolutiveTypeId":0},{"$index":189,"$typeId":1,"id":189,"nameId":564693,"superTypeId":9,"categoryId":2,"isInEncyclopedia":true,"plural":false,"gender":0,"rawZone":"null","mimickable":false,"craftXpRatio":-1,"evolutiveTypeId":0},{"$index":190,"$typeId":1,"id":190,"nameId":585145,"superTypeId":24,"categoryId":0,"isInEncyclopedia":true,"plural":false,"gender":0,"rawZone":"null","mimickable":false,"craftXpRatio":-1,"evolutiveTypeId":0},{"$index":191,"$typeId":1,"id":191,"nameId":585144,"superTypeId":9,"categoryId":2,"isInEncyclopedia":true,"plural":false,"gender":1,"rawZone":"null","mimickable":false,"craftXpRatio":-1,"evolutiveTypeId":0},{"$index":192,"$typeId":1,"id":192,"nameId":585146,"superTypeId":24,"categoryId":0,"isInEncyclopedia":true,"plural":false,"gender":1,"rawZone":"null","mimickable":false,"craftXpRatio":-1,"evolutiveTypeId":0},{"$index":195,"$typeId":1,"id":195,"nameId":643710,"superTypeId":9,"categoryId":2,"isInEncyclopedia":true,"plural":false,"gender":0,"rawZone":"null","mimickable":false,"craftXpRatio":-1,"evolutiveTypeId":0},{"$index":196,"$typeId":1,"id":196,"nameId":652610,"superTypeId":27,"categoryId":0,"isInEncyclopedia":true,"plural":false,"gender":0,"rawZone":"null","mimickable":false,"craftXpRatio":-1,"evolutiveTypeId":0},{"$index":197,"$typeId":1,"id":197,"nameId":657629,"superTypeId":9,"categoryId":2,"isInEncyclopedia":true,"plural":false,"gender":1,"rawZone":"null","mimickable":false,"craftXpRatio":0,"evolutiveTypeId":0},{"$index":198,"$typeId":1,"id":198,"nameId":696730,"superTypeId":14,"categoryId":3,"isInEncyclopedia":false,"plural":false,"gender":0,"rawZone":"null","mimickable":false,"craftXpRatio":-1,"evolutiveTypeId":0},{"$index":199,"$typeId":1,"id":199,"nameId":711836,"superTypeId":25,"categoryId":0,"isInEncyclopedia":true,"plural":false,"gender":0,"rawZone":"null","mimickable":false,"craftXpRatio":-1,"evolutiveTypeId":0},{"$index":200,"$typeId":1,"id":200,"nameId":711837,"superTypeId":6,"categoryId":1,"isInEncyclopedia":true,"plural":false,"gender":0,"rawZone":"null","mimickable":false,"craftXpRatio":-1,"evolutiveTypeId":0},{"$index":201,"$typeId":1,"id":201,"nameId":721731,"superTypeId":14,"categoryId":3,"isInEncyclopedia":false,"plural":false,"gender":0,"rawZone":"null","mimickable":false,"craftXpRatio":-1,"evolutiveTypeId":0},{"$index":202,"$typeId":1,"id":202,"nameId":725386,"superTypeId":14,"categoryId":3,"isInEncyclopedia":false,"plural":false,"gender":1,"rawZone":"null","mimickable":false,"craftXpRatio":-1,"evolutiveTypeId":0},{"$index":203,"$typeId":1,"id":203,"nameId":729800,"superTypeId":26,"categoryId":4,"isInEncyclopedia":false,"plural":false,"gender":2,"rawZone":"null","mimickable":false,"craftXpRatio":-1,"evolutiveTypeId":0},{"$index":205,"$typeId":1,"id":205,"nameId":738716,"superTypeId":14,"categoryId":3,"isInEncyclopedia":false,"plural":false,"gender":1,"rawZone":"null","mimickable":false,"craftXpRatio":-1,"evolutiveTypeId":0},{"$index":206,"$typeId":1,"id":206,"nameId":746629,"superTypeId":6,"categoryId":1,"isInEncyclopedia":true,"plural":false,"gender":1,"rawZone":"null","mimickable":false,"craftXpRatio":-1,"evolutiveTypeId":0},{"$index":207,"$typeId":1,"id":207,"nameId":760454,"superTypeId":27,"categoryId":0,"isInEncyclopedia":true,"plural":false,"gender":0,"rawZone":"null","mimickable":false,"craftXpRatio":-1,"evolutiveTypeId":0},{"$index":209,"$typeId":1,"id":209,"nameId":767048,"superTypeId":9,"categoryId":2,"isInEncyclopedia":true,"plural":false,"gender":0,"rawZone":"null","mimickable":false,"craftXpRatio":-1,"evolutiveTypeId":0},{"$index":211,"$typeId":1,"id":211,"nameId":777454,"superTypeId":9,"categoryId":2,"isInEncyclopedia":true,"plural":false,"gender":1,"rawZone":"null","mimickable":false,"craftXpRatio":-1,"evolutiveTypeId":0},{"$index":212,"$typeId":1,"id":212,"nameId":777453,"superTypeId":9,"categoryId":2,"isInEncyclopedia":true,"plural":false,"gender":1,"rawZone":"null","mimickable":false,"craftXpRatio":-1,"evolutiveTypeId":0},{"$index":213,"$typeId":1,"id":213,"nameId":784652,"superTypeId":14,"categoryId":3,"isInEncyclopedia":false,"plural":false,"gender":0,"rawZone":"null","mimickable":false,"craftXpRatio":-1,"evolutiveTypeId":0},{"$index":214,"$typeId":1,"id":214,"nameId":795585,"superTypeId":6,"categoryId":1,"isInEncyclopedia":true,"plural":false,"gender":1,"rawZone":"null","mimickable":false,"craftXpRatio":-1,"evolutiveTypeId":0},{"$index":215,"$typeId":1,"id":215,"nameId":802143,"superTypeId":14,"categoryId":3,"isInEncyclopedia":false,"plural":false,"gender":0,"rawZone":"null","mimickable":false,"craftXpRatio":-1,"evolutiveTypeId":0},{"$index":216,"$typeId":1,"id":216,"nameId":807296,"superTypeId":6,"categoryId":1,"isInEncyclopedia":true,"plural":false,"gender":1,"rawZone":"null","mimickable":false,"craftXpRatio":-1,"evolutiveTypeId":0},{"$index":217,"$typeId":1,"id":217,"nameId":808221,"superTypeId":13,"categoryId":0,"isInEncyclopedia":true,"plural":false,"gender":1,"rawZone":"null","mimickable":false,"craftXpRatio":-1,"evolutiveTypeId":0},{"$index":218,"$typeId":1,"id":218,"nameId":809189,"superTypeId":6,"categoryId":1,"isInEncyclopedia":true,"plural":false,"gender":1,"rawZone":"null","mimickable":false,"craftXpRatio":-1,"evolutiveTypeId":0},{"$index":219,"$typeId":1,"id":219,"nameId":818040,"superTypeId":9,"categoryId":2,"isInEncyclopedia":true,"plural":true,"gender":1,"rawZone":"null","mimickable":false,"craftXpRatio":-1,"evolutiveTypeId":0},{"$index":220,"$typeId":1,"id":220,"nameId":818241,"superTypeId":14,"categoryId":3,"isInEncyclopedia":false,"plural":false,"gender":0,"rawZone":"null","mimickable":false,"craftXpRatio":-1,"evolutiveTypeId":0},{"$index":221,"$typeId":1,"id":221,"nameId":818310,"superTypeId":14,"categoryId":3,"isInEncyclopedia":false,"plural":true,"gender":0,"rawZone":"null","mimickable":false,"craftXpRatio":-1,"evolutiveTypeId":0},{"$index":222,"$typeId":1,"id":222,"nameId":819377,"superTypeId":6,"categoryId":1,"isInEncyclopedia":true,"plural":false,"gender":0,"rawZone":"null","mimickable":false,"craftXpRatio":-1,"evolutiveTypeId":0},{"$index":223,"$typeId":1,"id":223,"nameId":836535,"superTypeId":6,"categoryId":1,"isInEncyclopedia":true,"plural":false,"gender":0,"rawZone":"null","mimickable":false,"craftXpRatio":200,"evolutiveTypeId":0},{"$index":225,"$typeId":1,"id":225,"nameId":832532,"superTypeId":14,"categoryId":3,"isInEncyclopedia":false,"plural":false,"gender":2,"rawZone":"null","mimickable":false,"craftXpRatio":-1,"evolutiveTypeId":0},{"$index":226,"$typeId":1,"id":226,"nameId":832716,"superTypeId":6,"categoryId":1,"isInEncyclopedia":true,"plural":false,"gender":0,"rawZone":"null","mimickable":false,"craftXpRatio":-1,"evolutiveTypeId":0},{"$index":228,"$typeId":1,"id":228,"nameId":841332,"superTypeId":9,"categoryId":2,"isInEncyclopedia":true,"plural":false,"gender":0,"rawZone":"null","mimickable":false,"craftXpRatio":-1,"evolutiveTypeId":0},{"$index":229,"$typeId":1,"id":229,"nameId":841349,"superTypeId":9,"categoryId":2,"isInEncyclopedia":true,"plural":false,"gender":1,"rawZone":"null","mimickable":false,"craftXpRatio":-1,"evolutiveTypeId":0},{"$index":230,"$typeId":1,"id":230,"nameId":853385,"superTypeId":9,"categoryId":2,"isInEncyclopedia":true,"plural":false,"gender":0,"rawZone":"null","mimickable":false,"craftXpRatio":-1,"evolutiveTypeId":0},{"$index":231,"$typeId":1,"id":231,"nameId":859964,"superTypeId":9,"categoryId":2,"isInEncyclopedia":true,"plural":false,"gender":1,"rawZone":"null","mimickable":false,"craftXpRatio":-1,"evolutiveTypeId":0},{"$index":232,"$typeId":1,"id":232,"nameId":872111,"superTypeId":9,"categoryId":2,"isInEncyclopedia":true,"plural":false,"gender":0,"rawZone":"null","mimickable":false,"craftXpRatio":-1,"evolutiveTypeId":0},{"$index":233,"$typeId":1,"id":233,"nameId":875528,"superTypeId":9,"categoryId":2,"isInEncyclopedia":true,"plural":false,"gender":1,"rawZone":"null","mimickable":false,"craftXpRatio":-1,"evolutiveTypeId":0},{"$index":234,"$typeId":1,"id":234,"nameId":875603,"superTypeId":9,"categoryId":2,"isInEncyclopedia":true,"plural":false,"gender":0,"rawZone":"null","mimickable":false,"craftXpRatio":-1,"evolutiveTypeId":0},{"$index":236,"$typeId":1,"id":236,"nameId":880501,"superTypeId":6,"categoryId":1,"isInEncyclopedia":true,"plural":false,"gender":0,"rawZone":"null","mimickable":false,"craftXpRatio":-1,"evolutiveTypeId":0},{"$index":238,"$typeId":1,"id":238,"nameId":891960,"superTypeId":9,"categoryId":2,"isInEncyclopedia":true,"plural":false,"gender":1,"rawZone":"null","mimickable":false,"craftXpRatio":-1,"evolutiveTypeId":0},{"$index":240,"$typeId":1,"id":240,"nameId":890776,"superTypeId":13,"categoryId":0,"isInEncyclopedia":true,"plural":false,"gender":0,"rawZone":"null","mimickable":false,"craftXpRatio":-1,"evolutiveTypeId":0},{"$index":241,"$typeId":1,"id":241,"nameId":891961,"superTypeId":9,"categoryId":2,"isInEncyclopedia":true,"plural":true,"gender":1,"rawZone":"null","mimickable":false,"craftXpRatio":-1,"evolutiveTypeId":0},{"$index":242,"$typeId":1,"id":242,"nameId":899089,"superTypeId":14,"categoryId":3,"isInEncyclopedia":false,"plural":false,"gender":0,"rawZone":"null","mimickable":false,"craftXpRatio":-1,"evolutiveTypeId":0},{"$index":243,"$typeId":1,"id":243,"nameId":903891,"superTypeId":9,"categoryId":2,"isInEncyclopedia":true,"plural":false,"gender":0,"rawZone":"null","mimickable":false,"craftXpRatio":-1,"evolutiveTypeId":0},{"$index":244,"$typeId":1,"id":244,"nameId":905266,"superTypeId":6,"categoryId":1,"isInEncyclopedia":true,"plural":true,"gender":0,"rawZone":"null","mimickable":false,"craftXpRatio":-1,"evolutiveTypeId":0}]